Commodity,date,Year,month_num,export_value,import_value
1121X Cattle,2022-01-01,2022,1,38823400,130748068
1121X Cattle,2022-02-01,2022,2,34995756,152678593
1121X Cattle,2022-03-01,2022,3,25859429,191542761
1121X Cattle,2022-04-01,2022,4,31780640,138965946
1121X Cattle,2022-05-01,2022,5,30187607,142061910
1121X Cattle,2022-06-01,2022,6,27195557,136337910
1121X Cattle,2022-07-01,2022,7,24477291,107076283
1121X Cattle,2022-08-01,2022,8,32274705,123999085
1121X Cattle,2022-09-01,2022,9,47901249,111534618
1121X Cattle,2022-10-01,2022,10,65808612,129231413
1121X Cattle,2022-11-01,2022,11,50932411,178731189
1121X Cattle,2022-12-01,2022,12,46449018,179444030
1121X Cattle,2023-01-01,2023,1,34403050,151726603
1121X Cattle,2023-02-01,2023,2,32733034,167137643
1121X Cattle,2023-03-01,2023,3,29703343,225426155
1121X Cattle,2023-04-01,2023,4,30768067,186913081
1121X Cattle,2023-05-01,2023,5,24530952,176298610
1121X Cattle,2023-06-01,2023,6,36254559,167436464
1121X Cattle,2023-07-01,2023,7,30878524,147450677
1121X Cattle,2023-08-01,2023,8,34067087,178988138
1121X Cattle,2023-09-01,2023,9,46188892,236826396
1121X Cattle,2023-10-01,2023,10,54745094,261364901
1121X Cattle,2023-11-01,2023,11,32957710,287961226
1121X Cattle,2023-12-01,2023,12,32999841,203616027
1121XX Cattle,2022-01-01,2022,1,38823400,130748068
1121XX Cattle,2022-02-01,2022,2,34995756,152678593
1121XX Cattle,2022-03-01,2022,3,25859429,191542761
1121XX Cattle,2022-04-01,2022,4,31780640,138965946
1121XX Cattle,2022-05-01,2022,5,30187607,142061910
1121XX Cattle,2022-06-01,2022,6,27195557,136337910
1121XX Cattle,2022-07-01,2022,7,24477291,107076283
1121XX Cattle,2022-08-01,2022,8,32274705,123999085
1121XX Cattle,2022-09-01,2022,9,47901249,111534618
1121XX Cattle,2022-10-01,2022,10,65808612,129231413
1121XX Cattle,2022-11-01,2022,11,50932411,178731189
1121XX Cattle,2022-12-01,2022,12,46449018,179444030
1121XX Cattle,2023-01-01,2023,1,34403050,151726603
1121XX Cattle,2023-02-01,2023,2,32733034,167137643
1121XX Cattle,2023-03-01,2023,3,29703343,225426155
1121XX Cattle,2023-04-01,2023,4,30768067,186913081
1121XX Cattle,2023-05-01,2023,5,24530952,176298610
1121XX Cattle,2023-06-01,2023,6,36254559,167436464
1121XX Cattle,2023-07-01,2023,7,30878524,147450677
1121XX Cattle,2023-08-01,2023,8,34067087,178988138
1121XX Cattle,2023-09-01,2023,9,46188892,236826396
1121XX Cattle,2023-10-01,2023,10,54745094,261364901
1121XX Cattle,2023-11-01,2023,11,32957710,287961226
1121XX Cattle,2023-12-01,2023,12,32999841,203616027
115 Products Supporting Agriculture And Forestry,2022-01-01,2022,1,31778313,5119518
115 Products Supporting Agriculture And Forestry,2022-02-01,2022,2,22867042,12869454
115 Products Supporting Agriculture And Forestry,2022-03-01,2022,3,29369726,10139119
115 Products Supporting Agriculture And Forestry,2022-04-01,2022,4,24361984,12285915
115 Products Supporting Agriculture And Forestry,2022-05-01,2022,5,23467715,14764366
115 Products Supporting Agriculture And Forestry,2022-06-01,2022,6,26588624,11698980
115 Products Supporting Agriculture And Forestry,2022-07-01,2022,7,25957037,8545978
115 Products Supporting Agriculture And Forestry,2022-08-01,2022,8,22385983,12585415
115 Products Supporting Agriculture And Forestry,2022-09-01,2022,9,27094530,10861133
115 Products Supporting Agriculture And Forestry,2022-10-01,2022,10,24219797,12083984
115 Products Supporting Agriculture And Forestry,2022-11-01,2022,11,28544628,9610015
115 Products Supporting Agriculture And Forestry,2022-12-01,2022,12,29374340,5809567
115 Products Supporting Agriculture And Forestry,2023-01-01,2023,1,18964001,6228491
115 Products Supporting Agriculture And Forestry,2023-02-01,2023,2,28181729,7527115
115 Products Supporting Agriculture And Forestry,2023-03-01,2023,3,29563783,8056705
115 Products Supporting Agriculture And Forestry,2023-04-01,2023,4,27720182,9531823
115 Products Supporting Agriculture And Forestry,2023-05-01,2023,5,30543327,9571141
115 Products Supporting Agriculture And Forestry,2023-06-01,2023,6,24293302,10364862
115 Products Supporting Agriculture And Forestry,2023-07-01,2023,7,23812201,9462591
115 Products Supporting Agriculture And Forestry,2023-08-01,2023,8,22457646,7213360
115 Products Supporting Agriculture And Forestry,2023-09-01,2023,9,21093332,7429393
115 Products Supporting Agriculture And Forestry,2023-10-01,2023,10,26082630,13750483
115 Products Supporting Agriculture And Forestry,2023-11-01,2023,11,26045401,10221452
115 Products Supporting Agriculture And Forestry,2023-12-01,2023,12,28261912,9206248
1152 Support Activities For Animal Production,2022-01-01,2022,1,31778313,1832890
1152 Support Activities For Animal Production,2022-02-01,2022,2,22867042,3335080
1152 Support Activities For Animal Production,2022-03-01,2022,3,29369726,3133215
1152 Support Activities For Animal Production,2022-04-01,2022,4,24361984,3285666
1152 Support Activities For Animal Production,2022-05-01,2022,5,23467715,3275341
1152 Support Activities For Animal Production,2022-06-01,2022,6,26588624,3322582
1152 Support Activities For Animal Production,2022-07-01,2022,7,25957037,2188538
1152 Support Activities For Animal Production,2022-08-01,2022,8,22385983,4444302
1152 Support Activities For Animal Production,2022-09-01,2022,9,27094530,3076897
1152 Support Activities For Animal Production,2022-10-01,2022,10,24219797,4154456
1152 Support Activities For Animal Production,2022-11-01,2022,11,28544628,3677861
1152 Support Activities For Animal Production,2022-12-01,2022,12,29374340,2798319
1152 Support Activities For Animal Production,2023-01-01,2023,1,18964001,2546405
1152 Support Activities For Animal Production,2023-02-01,2023,2,28181729,3094241
1152 Support Activities For Animal Production,2023-03-01,2023,3,29563783,4147917
1152 Support Activities For Animal Production,2023-04-01,2023,4,27720182,2824567
1152 Support Activities For Animal Production,2023-05-01,2023,5,30543327,5113605
1152 Support Activities For Animal Production,2023-06-01,2023,6,24293302,3623843
1152 Support Activities For Animal Production,2023-07-01,2023,7,23812201,2709451
1152 Support Activities For Animal Production,2023-08-01,2023,8,22457646,4066446
1152 Support Activities For Animal Production,2023-09-01,2023,9,21093332,3974274
1152 Support Activities For Animal Production,2023-10-01,2023,10,26082630,3889899
1152 Support Activities For Animal Production,2023-11-01,2023,11,26045401,3958537
1152 Support Activities For Animal Production,2023-12-01,2023,12,28261912,3455001
11521 Support Activities For Animal Production,2022-01-01,2022,1,31778313,1832890
11521 Support Activities For Animal Production,2022-02-01,2022,2,22867042,3335080
11521 Support Activities For Animal Production,2022-03-01,2022,3,29369726,3133215
11521 Support Activities For Animal Production,2022-04-01,2022,4,24361984,3285666
11521 Support Activities For Animal Production,2022-05-01,2022,5,23467715,3275341
11521 Support Activities For Animal Production,2022-06-01,2022,6,26588624,3322582
11521 Support Activities For Animal Production,2022-07-01,2022,7,25957037,2188538
11521 Support Activities For Animal Production,2022-08-01,2022,8,22385983,4444302
11521 Support Activities For Animal Production,2022-09-01,2022,9,27094530,3076897
11521 Support Activities For Animal Production,2022-10-01,2022,10,24219797,4154456
11521 Support Activities For Animal Production,2022-11-01,2022,11,28544628,3677861
11521 Support Activities For Animal Production,2022-12-01,2022,12,29374340,2798319
11521 Support Activities For Animal Production,2023-01-01,2023,1,18964001,2546405
11521 Support Activities For Animal Production,2023-02-01,2023,2,28181729,3094241
11521 Support Activities For Animal Production,2023-03-01,2023,3,29563783,4147917
11521 Support Activities For Animal Production,2023-04-01,2023,4,27720182,2824567
11521 Support Activities For Animal Production,2023-05-01,2023,5,30543327,5113605
11521 Support Activities For Animal Production,2023-06-01,2023,6,24293302,3623843
11521 Support Activities For Animal Production,2023-07-01,2023,7,23812201,2709451
11521 Support Activities For Animal Production,2023-08-01,2023,8,22457646,4066446
11521 Support Activities For Animal Production,2023-09-01,2023,9,21093332,3974274
11521 Support Activities For Animal Production,2023-10-01,2023,10,26082630,3889899
11521 Support Activities For Animal Production,2023-11-01,2023,11,26045401,3958537
11521 Support Activities For Animal Production,2023-12-01,2023,12,28261912,3455001
115210 Support Activities For Animal Production,2022-01-01,2022,1,31778313,1832890
115210 Support Activities For Animal Production,2022-02-01,2022,2,22867042,3335080
115210 Support Activities For Animal Production,2022-03-01,2022,3,29369726,3133215
115210 Support Activities For Animal Production,2022-04-01,2022,4,24361984,3285666
115210 Support Activities For Animal Production,2022-05-01,2022,5,23467715,3275341
115210 Support Activities For Animal Production,2022-06-01,2022,6,26588624,3322582
115210 Support Activities For Animal Production,2022-07-01,2022,7,25957037,2188538
115210 Support Activities For Animal Production,2022-08-01,2022,8,22385983,4444302
115210 Support Activities For Animal Production,2022-09-01,2022,9,27094530,3076897
115210 Support Activities For Animal Production,2022-10-01,2022,10,24219797,4154456
115210 Support Activities For Animal Production,2022-11-01,2022,11,28544628,3677861
115210 Support Activities For Animal Production,2022-12-01,2022,12,29374340,2798319
115210 Support Activities For Animal Production,2023-01-01,2023,1,18964001,2546405
115210 Support Activities For Animal Production,2023-02-01,2023,2,28181729,3094241
115210 Support Activities For Animal Production,2023-03-01,2023,3,29563783,4147917
115210 Support Activities For Animal Production,2023-04-01,2023,4,27720182,2824567
115210 Support Activities For Animal Production,2023-05-01,2023,5,30543327,5113605
115210 Support Activities For Animal Production,2023-06-01,2023,6,24293302,3623843
115210 Support Activities For Animal Production,2023-07-01,2023,7,23812201,2709451
115210 Support Activities For Animal Production,2023-08-01,2023,8,22457646,4066446
115210 Support Activities For Animal Production,2023-09-01,2023,9,21093332,3974274
115210 Support Activities For Animal Production,2023-10-01,2023,10,26082630,3889899
115210 Support Activities For Animal Production,2023-11-01,2023,11,26045401,3958537
115210 Support Activities For Animal Production,2023-12-01,2023,12,28261912,3455001
212114 Surface Coal Mining,2023-01-01,2023,1,23086457,16199512
212114 Surface Coal Mining,2023-02-01,2023,2,14910913,11074302
212114 Surface Coal Mining,2023-03-01,2023,3,18533742,861161
212114 Surface Coal Mining,2023-04-01,2023,4,8955327,9734285
212114 Surface Coal Mining,2023-05-01,2023,5,31188700,9458320
212114 Surface Coal Mining,2023-06-01,2023,6,12017113,2688608
212114 Surface Coal Mining,2023-07-01,2023,7,14801980,9164305
212114 Surface Coal Mining,2023-08-01,2023,8,21857281,10965760
212114 Surface Coal Mining,2023-09-01,2023,9,15868943,1926525
212114 Surface Coal Mining,2023-10-01,2023,10,13578428,9855650
212114 Surface Coal Mining,2023-11-01,2023,11,16127690,2931360
212114 Surface Coal Mining,2023-12-01,2023,12,20529386,7091162
212115 Underground Coal Mining,2023-01-01,2023,1,1283582354,52329429
212115 Underground Coal Mining,2023-02-01,2023,2,1466641895,32634346
212115 Underground Coal Mining,2023-03-01,2023,3,1562462927,36929488
212115 Underground Coal Mining,2023-04-01,2023,4,1296184151,47246715
212115 Underground Coal Mining,2023-05-01,2023,5,1278489220,36312256
212115 Underground Coal Mining,2023-06-01,2023,6,1220729921,47329070
212115 Underground Coal Mining,2023-07-01,2023,7,962811256,37979843
212115 Underground Coal Mining,2023-08-01,2023,8,1182286324,46373729
212115 Underground Coal Mining,2023-09-01,2023,9,1165550955,36130097
212115 Underground Coal Mining,2023-10-01,2023,10,1308771751,46403913
212115 Underground Coal Mining,2023-11-01,2023,11,1256025144,41263054
212115 Underground Coal Mining,2023-12-01,2023,12,1343711414,27735989
212290 Other Metal Ore Mining,2023-01-01,2023,1,93671531,188318770
212290 Other Metal Ore Mining,2023-02-01,2023,2,126451822,132304041
212290 Other Metal Ore Mining,2023-03-01,2023,3,174273020,137532855
212290 Other Metal Ore Mining,2023-04-01,2023,4,160670130,237477138
212290 Other Metal Ore Mining,2023-05-01,2023,5,97856663,169783730
212290 Other Metal Ore Mining,2023-06-01,2023,6,195945957,166199625
212290 Other Metal Ore Mining,2023-07-01,2023,7,134961566,105392626
212290 Other Metal Ore Mining,2023-08-01,2023,8,118441000,122410489
212290 Other Metal Ore Mining,2023-09-01,2023,9,122071677,161223047
212290 Other Metal Ore Mining,2023-10-01,2023,10,158210493,149135262
212290 Other Metal Ore Mining,2023-11-01,2023,11,149426636,119232998
212290 Other Metal Ore Mining,2023-12-01,2023,12,144085049,132636836
"212323 Kaolin, Clay, Ceramic And Refrac Minerals Mining",2023-01-01,2023,1,90662610,15596723
"212323 Kaolin, Clay, Ceramic And Refrac Minerals Mining",2023-02-01,2023,2,80159156,11701729
"212323 Kaolin, Clay, Ceramic And Refrac Minerals Mining",2023-03-01,2023,3,84481216,10994253
"212323 Kaolin, Clay, Ceramic And Refrac Minerals Mining",2023-04-01,2023,4,87421495,10659137
"212323 Kaolin, Clay, Ceramic And Refrac Minerals Mining",2023-05-01,2023,5,81463155,12362026
"212323 Kaolin, Clay, Ceramic And Refrac Minerals Mining",2023-06-01,2023,6,74382058,13242295
"212323 Kaolin, Clay, Ceramic And Refrac Minerals Mining",2023-07-01,2023,7,76784362,11297296
"212323 Kaolin, Clay, Ceramic And Refrac Minerals Mining",2023-08-01,2023,8,64874653,11973435
"212323 Kaolin, Clay, Ceramic And Refrac Minerals Mining",2023-09-01,2023,9,74179800,10275247
"212323 Kaolin, Clay, Ceramic And Refrac Minerals Mining",2023-10-01,2023,10,72548277,12055004
"212323 Kaolin, Clay, Ceramic And Refrac Minerals Mining",2023-11-01,2023,11,68194201,10668597
"212323 Kaolin, Clay, Ceramic And Refrac Minerals Mining",2023-12-01,2023,12,69976417,10272437
212390 Other Nonmetallic Mineral Mining And Quarrying,2023-01-01,2023,1,58435001,213549062
212390 Other Nonmetallic Mineral Mining And Quarrying,2023-02-01,2023,2,57457391,202309743
212390 Other Nonmetallic Mineral Mining And Quarrying,2023-03-01,2023,3,66132947,198119589
212390 Other Nonmetallic Mineral Mining And Quarrying,2023-04-01,2023,4,71957890,199946867
212390 Other Nonmetallic Mineral Mining And Quarrying,2023-05-01,2023,5,56168407,186612934
212390 Other Nonmetallic Mineral Mining And Quarrying,2023-06-01,2023,6,80262071,179054241
212390 Other Nonmetallic Mineral Mining And Quarrying,2023-07-01,2023,7,74531992,161677878
212390 Other Nonmetallic Mineral Mining And Quarrying,2023-08-01,2023,8,75106215,152167312
212390 Other Nonmetallic Mineral Mining And Quarrying,2023-09-01,2023,9,65933140,191661440
212390 Other Nonmetallic Mineral Mining And Quarrying,2023-10-01,2023,10,68342940,222460050
212390 Other Nonmetallic Mineral Mining And Quarrying,2023-11-01,2023,11,75278392,168483732
212390 Other Nonmetallic Mineral Mining And Quarrying,2023-12-01,2023,12,49880580,146888258
31512 Apparel Knitting Mills,2023-01-01,2023,1,12451316,192217046
31512 Apparel Knitting Mills,2023-02-01,2023,2,10585185,176433568
31512 Apparel Knitting Mills,2023-03-01,2023,3,11874245,168838855
31512 Apparel Knitting Mills,2023-04-01,2023,4,7581274,190175260
31512 Apparel Knitting Mills,2023-05-01,2023,5,9036697,240771879
31512 Apparel Knitting Mills,2023-06-01,2023,6,11492681,267917008
31512 Apparel Knitting Mills,2023-07-01,2023,7,15254816,321571825
31512 Apparel Knitting Mills,2023-08-01,2023,8,15890189,346489958
31512 Apparel Knitting Mills,2023-09-01,2023,9,11051057,349557382
31512 Apparel Knitting Mills,2023-10-01,2023,10,12203733,274476999
31512 Apparel Knitting Mills,2023-11-01,2023,11,12465460,201260336
31512 Apparel Knitting Mills,2023-12-01,2023,12,10434351,185297998
315120 Apparel Knitting Mills,2023-01-01,2023,1,12451316,192217046
315120 Apparel Knitting Mills,2023-02-01,2023,2,10585185,176433568
315120 Apparel Knitting Mills,2023-03-01,2023,3,11874245,168838855
315120 Apparel Knitting Mills,2023-04-01,2023,4,7581274,190175260
315120 Apparel Knitting Mills,2023-05-01,2023,5,9036697,240771879
315120 Apparel Knitting Mills,2023-06-01,2023,6,11492681,267917008
315120 Apparel Knitting Mills,2023-07-01,2023,7,15254816,321571825
315120 Apparel Knitting Mills,2023-08-01,2023,8,15890189,346489958
315120 Apparel Knitting Mills,2023-09-01,2023,9,11051057,349557382
315120 Apparel Knitting Mills,2023-10-01,2023,10,12203733,274476999
315120 Apparel Knitting Mills,2023-11-01,2023,11,12465460,201260336
315120 Apparel Knitting Mills,2023-12-01,2023,12,10434351,185297998
31525 Cut And Sew Apparel Manufact (except Contractors),2023-01-01,2023,1,433044167,6894126649
31525 Cut And Sew Apparel Manufact (except Contractors),2023-02-01,2023,2,470638257,5695206024
31525 Cut And Sew Apparel Manufact (except Contractors),2023-03-01,2023,3,511731548,5979898581
31525 Cut And Sew Apparel Manufact (except Contractors),2023-04-01,2023,4,449061529,5450447567
31525 Cut And Sew Apparel Manufact (except Contractors),2023-05-01,2023,5,478335617,5981206326
31525 Cut And Sew Apparel Manufact (except Contractors),2023-06-01,2023,6,460458583,6199435601
31525 Cut And Sew Apparel Manufact (except Contractors),2023-07-01,2023,7,461895540,7323629417
31525 Cut And Sew Apparel Manufact (except Contractors),2023-08-01,2023,8,518198686,7327293274
31525 Cut And Sew Apparel Manufact (except Contractors),2023-09-01,2023,9,507242261,6972971574
31525 Cut And Sew Apparel Manufact (except Contractors),2023-10-01,2023,10,496087642,6104560329
31525 Cut And Sew Apparel Manufact (except Contractors),2023-11-01,2023,11,515286100,4898309584
31525 Cut And Sew Apparel Manufact (except Contractors),2023-12-01,2023,12,468274520,5188296854
315250 Cut And Sew Apparel Manufact (except Conttactors),2023-01-01,2023,1,433044167,6894126649
315250 Cut And Sew Apparel Manufact (except Conttactors),2023-02-01,2023,2,470638257,5695206024
315250 Cut And Sew Apparel Manufact (except Conttactors),2023-03-01,2023,3,511731548,5979898581
315250 Cut And Sew Apparel Manufact (except Conttactors),2023-04-01,2023,4,449061529,5450447567
315250 Cut And Sew Apparel Manufact (except Conttactors),2023-05-01,2023,5,478335617,5981206326
315250 Cut And Sew Apparel Manufact (except Conttactors),2023-06-01,2023,6,460458583,6199435601
315250 Cut And Sew Apparel Manufact (except Conttactors),2023-07-01,2023,7,461895540,7323629417
315250 Cut And Sew Apparel Manufact (except Conttactors),2023-08-01,2023,8,518198686,7327293274
315250 Cut And Sew Apparel Manufact (except Conttactors),2023-09-01,2023,9,507242261,6972971574
315250 Cut And Sew Apparel Manufact (except Conttactors),2023-10-01,2023,10,496087642,6104560329
315250 Cut And Sew Apparel Manufact (except Conttactors),2023-11-01,2023,11,515286100,4898309584
315250 Cut And Sew Apparel Manufact (except Conttactors),2023-12-01,2023,12,468274520,5188296854
316990 Other Leather And Allied Product Manufacturing,2023-01-01,2023,1,146519974,1125237123
316990 Other Leather And Allied Product Manufacturing,2023-02-01,2023,2,153662853,947595533
316990 Other Leather And Allied Product Manufacturing,2023-03-01,2023,3,171757615,1044684035
316990 Other Leather And Allied Product Manufacturing,2023-04-01,2023,4,149955610,1034985280
316990 Other Leather And Allied Product Manufacturing,2023-05-01,2023,5,174497117,1127875101
316990 Other Leather And Allied Product Manufacturing,2023-06-01,2023,6,161032928,1091053184
316990 Other Leather And Allied Product Manufacturing,2023-07-01,2023,7,146267872,1072229435
316990 Other Leather And Allied Product Manufacturing,2023-08-01,2023,8,158711223,1144945797
316990 Other Leather And Allied Product Manufacturing,2023-09-01,2023,9,162190594,1065921877
316990 Other Leather And Allied Product Manufacturing,2023-10-01,2023,10,163604836,1069642133
316990 Other Leather And Allied Product Manufacturing,2023-11-01,2023,11,160413034,989597711
316990 Other Leather And Allied Product Manufacturing,2023-12-01,2023,12,164861324,976743932
321215 Engineered Wood Member Manufacturing,2023-01-01,2023,1,19011441,98548004
321215 Engineered Wood Member Manufacturing,2023-02-01,2023,2,19963350,91928595
321215 Engineered Wood Member Manufacturing,2023-03-01,2023,3,23990326,107004629
321215 Engineered Wood Member Manufacturing,2023-04-01,2023,4,22247867,115273743
321215 Engineered Wood Member Manufacturing,2023-05-01,2023,5,26757934,126396272
321215 Engineered Wood Member Manufacturing,2023-06-01,2023,6,28822823,121816712
321215 Engineered Wood Member Manufacturing,2023-07-01,2023,7,35751601,126683886
321215 Engineered Wood Member Manufacturing,2023-08-01,2023,8,32312426,123037572
321215 Engineered Wood Member Manufacturing,2023-09-01,2023,9,29035927,117275308
321215 Engineered Wood Member Manufacturing,2023-10-01,2023,10,26918508,124356280
321215 Engineered Wood Member Manufacturing,2023-11-01,2023,11,24427422,110922056
321215 Engineered Wood Member Manufacturing,2023-12-01,2023,12,21433070,108545503
"321912 Cut Stock, Resawing Lumber, And Planing",2022-01-01,2022,1,159563,1384932
"321912 Cut Stock, Resawing Lumber, And Planing",2022-02-01,2022,2,70533,1679857
"321912 Cut Stock, Resawing Lumber, And Planing",2022-03-01,2022,3,122990,2194987
"321912 Cut Stock, Resawing Lumber, And Planing",2022-04-01,2022,4,99979,2523533
"321912 Cut Stock, Resawing Lumber, And Planing",2022-05-01,2022,5,279745,2502360
"321912 Cut Stock, Resawing Lumber, And Planing",2022-06-01,2022,6,139664,2612418
"321912 Cut Stock, Resawing Lumber, And Planing",2022-07-01,2022,7,259132,2292906
"321912 Cut Stock, Resawing Lumber, And Planing",2022-08-01,2022,8,96829,2157037
"321912 Cut Stock, Resawing Lumber, And Planing",2022-09-01,2022,9,270595,1507055
"321912 Cut Stock, Resawing Lumber, And Planing",2022-10-01,2022,10,165299,1978663
"321912 Cut Stock, Resawing Lumber, And Planing",2022-11-01,2022,11,203538,1570547
"321912 Cut Stock, Resawing Lumber, And Planing",2022-12-01,2022,12,120437,1048886
"321912 Cut Stock, Resawing Lumber, And Planing",2023-01-01,2023,1,188217,1407120
"321912 Cut Stock, Resawing Lumber, And Planing",2023-02-01,2023,2,260678,1791114
"321912 Cut Stock, Resawing Lumber, And Planing",2023-03-01,2023,3,277964,1910149
"321912 Cut Stock, Resawing Lumber, And Planing",2023-04-01,2023,4,192723,1982216
"321912 Cut Stock, Resawing Lumber, And Planing",2023-05-01,2023,5,147768,1945362
"321912 Cut Stock, Resawing Lumber, And Planing",2023-06-01,2023,6,138636,1653659
"321912 Cut Stock, Resawing Lumber, And Planing",2023-07-01,2023,7,158830,1457861
"321912 Cut Stock, Resawing Lumber, And Planing",2023-08-01,2023,8,236094,2480112
"321912 Cut Stock, Resawing Lumber, And Planing",2023-09-01,2023,9,510273,1205469
"321912 Cut Stock, Resawing Lumber, And Planing",2023-10-01,2023,10,418219,1124089
"321912 Cut Stock, Resawing Lumber, And Planing",2023-11-01,2023,11,229824,1191892
"321912 Cut Stock, Resawing Lumber, And Planing",2023-12-01,2023,12,349872,979490
322120 Paper Mills,2023-01-01,2023,1,164466619,593104011
322120 Paper Mills,2023-02-01,2023,2,147115660,460726834
322120 Paper Mills,2023-03-01,2023,3,160949630,475675249
322120 Paper Mills,2023-04-01,2023,4,134812509,454274987
322120 Paper Mills,2023-05-01,2023,5,147957617,415761608
322120 Paper Mills,2023-06-01,2023,6,152629019,401713636
322120 Paper Mills,2023-07-01,2023,7,141920910,399914570
322120 Paper Mills,2023-08-01,2023,8,147843651,454383611
322120 Paper Mills,2023-09-01,2023,9,152060537,440938976
322120 Paper Mills,2023-10-01,2023,10,147556784,459296993
322120 Paper Mills,2023-11-01,2023,11,135601530,406386439
322120 Paper Mills,2023-12-01,2023,12,144625357,389652319
32614 Polystyrene Foam Product Manufacturing,2022-01-01,2022,1,9785177,6018494
32614 Polystyrene Foam Product Manufacturing,2022-02-01,2022,2,8056728,4192593
32614 Polystyrene Foam Product Manufacturing,2022-03-01,2022,3,9305739,6859482
32614 Polystyrene Foam Product Manufacturing,2022-04-01,2022,4,8749630,6274839
32614 Polystyrene Foam Product Manufacturing,2022-05-01,2022,5,11250260,7801028
32614 Polystyrene Foam Product Manufacturing,2022-06-01,2022,6,10339581,8344765
32614 Polystyrene Foam Product Manufacturing,2022-07-01,2022,7,10432744,6864637
32614 Polystyrene Foam Product Manufacturing,2022-08-01,2022,8,10917997,9763414
32614 Polystyrene Foam Product Manufacturing,2022-09-01,2022,9,11483102,7250496
32614 Polystyrene Foam Product Manufacturing,2022-10-01,2022,10,12158446,6851983
32614 Polystyrene Foam Product Manufacturing,2022-11-01,2022,11,9687757,6975979
32614 Polystyrene Foam Product Manufacturing,2022-12-01,2022,12,8236078,7242614
32614 Polystyrene Foam Product Manufacturing,2023-01-01,2023,1,8216111,5471195
32614 Polystyrene Foam Product Manufacturing,2023-02-01,2023,2,9916843,4771748
32614 Polystyrene Foam Product Manufacturing,2023-03-01,2023,3,11325767,5857585
32614 Polystyrene Foam Product Manufacturing,2023-04-01,2023,4,10797504,5529261
32614 Polystyrene Foam Product Manufacturing,2023-05-01,2023,5,15746116,6354231
32614 Polystyrene Foam Product Manufacturing,2023-06-01,2023,6,17214708,5667151
32614 Polystyrene Foam Product Manufacturing,2023-07-01,2023,7,19540216,7006904
32614 Polystyrene Foam Product Manufacturing,2023-08-01,2023,8,11407179,7986345
32614 Polystyrene Foam Product Manufacturing,2023-09-01,2023,9,10024283,6520275
32614 Polystyrene Foam Product Manufacturing,2023-10-01,2023,10,10944774,8641171
32614 Polystyrene Foam Product Manufacturing,2023-11-01,2023,11,10098959,7705167
32614 Polystyrene Foam Product Manufacturing,2023-12-01,2023,12,10129196,7512758
326140 Polystyrene Foam Products,2022-01-01,2022,1,9785177,6018494
326140 Polystyrene Foam Products,2022-02-01,2022,2,8056728,4192593
326140 Polystyrene Foam Products,2022-03-01,2022,3,9305739,6859482
326140 Polystyrene Foam Products,2022-04-01,2022,4,8749630,6274839
326140 Polystyrene Foam Products,2022-05-01,2022,5,11250260,7801028
326140 Polystyrene Foam Products,2022-06-01,2022,6,10339581,8344765
326140 Polystyrene Foam Products,2022-07-01,2022,7,10432744,6864637
326140 Polystyrene Foam Products,2022-08-01,2022,8,10917997,9763414
326140 Polystyrene Foam Products,2022-09-01,2022,9,11483102,7250496
326140 Polystyrene Foam Products,2022-10-01,2022,10,12158446,6851983
326140 Polystyrene Foam Products,2022-11-01,2022,11,9687757,6975979
326140 Polystyrene Foam Products,2022-12-01,2022,12,8236078,7242614
326140 Polystyrene Foam Products,2023-01-01,2023,1,8216111,5471195
326140 Polystyrene Foam Products,2023-02-01,2023,2,9916843,4771748
326140 Polystyrene Foam Products,2023-03-01,2023,3,11325767,5857585
326140 Polystyrene Foam Products,2023-04-01,2023,4,10797504,5529261
326140 Polystyrene Foam Products,2023-05-01,2023,5,15746116,6354231
326140 Polystyrene Foam Products,2023-06-01,2023,6,17214708,5667151
326140 Polystyrene Foam Products,2023-07-01,2023,7,19540216,7006904
326140 Polystyrene Foam Products,2023-08-01,2023,8,11407179,7986345
326140 Polystyrene Foam Products,2023-09-01,2023,9,10024283,6520275
326140 Polystyrene Foam Products,2023-10-01,2023,10,10944774,8641171
326140 Polystyrene Foam Products,2023-11-01,2023,11,10098959,7705167
326140 Polystyrene Foam Products,2023-12-01,2023,12,10129196,7512758
32615 Urethane And Oth Foam Products (exc Polystyrene),2022-01-01,2022,1,56304565,28639541
32615 Urethane And Oth Foam Products (exc Polystyrene),2022-02-01,2022,2,54605293,26907795
32615 Urethane And Oth Foam Products (exc Polystyrene),2022-03-01,2022,3,71833787,32925373
32615 Urethane And Oth Foam Products (exc Polystyrene),2022-04-01,2022,4,70063524,30482868
32615 Urethane And Oth Foam Products (exc Polystyrene),2022-05-01,2022,5,73960744,32603144
32615 Urethane And Oth Foam Products (exc Polystyrene),2022-06-01,2022,6,65088177,28230420
32615 Urethane And Oth Foam Products (exc Polystyrene),2022-07-01,2022,7,64523224,29246859
32615 Urethane And Oth Foam Products (exc Polystyrene),2022-08-01,2022,8,76588948,29769261
32615 Urethane And Oth Foam Products (exc Polystyrene),2022-09-01,2022,9,60964476,26831519
32615 Urethane And Oth Foam Products (exc Polystyrene),2022-10-01,2022,10,67179533,26929396
32615 Urethane And Oth Foam Products (exc Polystyrene),2022-11-01,2022,11,67498362,21446184
32615 Urethane And Oth Foam Products (exc Polystyrene),2022-12-01,2022,12,56532322,20270792
32615 Urethane And Oth Foam Products (exc Polystyrene),2023-01-01,2023,1,60876993,22817135
32615 Urethane And Oth Foam Products (exc Polystyrene),2023-02-01,2023,2,57795585,19869836
32615 Urethane And Oth Foam Products (exc Polystyrene),2023-03-01,2023,3,72194046,25691787
32615 Urethane And Oth Foam Products (exc Polystyrene),2023-04-01,2023,4,58594534,23555622
32615 Urethane And Oth Foam Products (exc Polystyrene),2023-05-01,2023,5,62893353,25410772
32615 Urethane And Oth Foam Products (exc Polystyrene),2023-06-01,2023,6,64828905,26998733
32615 Urethane And Oth Foam Products (exc Polystyrene),2023-07-01,2023,7,53216834,28378046
32615 Urethane And Oth Foam Products (exc Polystyrene),2023-08-01,2023,8,62096997,27140891
32615 Urethane And Oth Foam Products (exc Polystyrene),2023-09-01,2023,9,61395171,25098642
32615 Urethane And Oth Foam Products (exc Polystyrene),2023-10-01,2023,10,68623261,29585506
32615 Urethane And Oth Foam Products (exc Polystyrene),2023-11-01,2023,11,58405075,26342397
32615 Urethane And Oth Foam Products (exc Polystyrene),2023-12-01,2023,12,56583748,23710674
326150 Urethane And Oth Foam Products (exc Polystyrene),2022-01-01,2022,1,56304565,28639541
326150 Urethane And Oth Foam Products (exc Polystyrene),2022-02-01,2022,2,54605293,26907795
326150 Urethane And Oth Foam Products (exc Polystyrene),2022-03-01,2022,3,71833787,32925373
326150 Urethane And Oth Foam Products (exc Polystyrene),2022-04-01,2022,4,70063524,30482868
326150 Urethane And Oth Foam Products (exc Polystyrene),2022-05-01,2022,5,73960744,32603144
326150 Urethane And Oth Foam Products (exc Polystyrene),2022-06-01,2022,6,65088177,28230420
326150 Urethane And Oth Foam Products (exc Polystyrene),2022-07-01,2022,7,64523224,29246859
326150 Urethane And Oth Foam Products (exc Polystyrene),2022-08-01,2022,8,76588948,29769261
326150 Urethane And Oth Foam Products (exc Polystyrene),2022-09-01,2022,9,60964476,26831519
326150 Urethane And Oth Foam Products (exc Polystyrene),2022-10-01,2022,10,67179533,26929396
326150 Urethane And Oth Foam Products (exc Polystyrene),2022-11-01,2022,11,67498362,21446184
326150 Urethane And Oth Foam Products (exc Polystyrene),2022-12-01,2022,12,56532322,20270792
326150 Urethane And Oth Foam Products (exc Polystyrene),2023-01-01,2023,1,60876993,22817135
326150 Urethane And Oth Foam Products (exc Polystyrene),2023-02-01,2023,2,57795585,19869836
326150 Urethane And Oth Foam Products (exc Polystyrene),2023-03-01,2023,3,72194046,25691787
326150 Urethane And Oth Foam Products (exc Polystyrene),2023-04-01,2023,4,58594534,23555622
326150 Urethane And Oth Foam Products (exc Polystyrene),2023-05-01,2023,5,62893353,25410772
326150 Urethane And Oth Foam Products (exc Polystyrene),2023-06-01,2023,6,64828905,26998733
326150 Urethane And Oth Foam Products (exc Polystyrene),2023-07-01,2023,7,53216834,28378046
326150 Urethane And Oth Foam Products (exc Polystyrene),2023-08-01,2023,8,62096997,27140891
326150 Urethane And Oth Foam Products (exc Polystyrene),2023-09-01,2023,9,61395171,25098642
326150 Urethane And Oth Foam Products (exc Polystyrene),2023-10-01,2023,10,68623261,29585506
326150 Urethane And Oth Foam Products (exc Polystyrene),2023-11-01,2023,11,58405075,26342397
326150 Urethane And Oth Foam Products (exc Polystyrene),2023-12-01,2023,12,56583748,23710674
327332 Concrete Pipes,2022-01-01,2022,1,114614,152578
327332 Concrete Pipes,2022-02-01,2022,2,229694,49084
327332 Concrete Pipes,2022-03-01,2022,3,175463,257662
327332 Concrete Pipes,2022-04-01,2022,4,404337,60091
327332 Concrete Pipes,2022-05-01,2022,5,404084,170008
327332 Concrete Pipes,2022-06-01,2022,6,139923,268339
327332 Concrete Pipes,2022-07-01,2022,7,76142,169253
327332 Concrete Pipes,2022-08-01,2022,8,163633,60500
327332 Concrete Pipes,2022-09-01,2022,9,102555,51110
327332 Concrete Pipes,2022-10-01,2022,10,251436,95509
327332 Concrete Pipes,2022-11-01,2022,11,120309,92804
327332 Concrete Pipes,2022-12-01,2022,12,117192,119034
327332 Concrete Pipes,2023-01-01,2023,1,80172,57569
327332 Concrete Pipes,2023-02-01,2023,2,213055,328767
327332 Concrete Pipes,2023-03-01,2023,3,46037,162690
327332 Concrete Pipes,2023-04-01,2023,4,268142,38975
327332 Concrete Pipes,2023-05-01,2023,5,19051,52088
327332 Concrete Pipes,2023-06-01,2023,6,116920,83065
327332 Concrete Pipes,2023-07-01,2023,7,184712,21195
327332 Concrete Pipes,2023-08-01,2023,8,28423,36577
327332 Concrete Pipes,2023-09-01,2023,9,96487,312797
327332 Concrete Pipes,2023-10-01,2023,10,2007509,142069
327332 Concrete Pipes,2023-11-01,2023,11,418192,109342
327332 Concrete Pipes,2023-12-01,2023,12,485867,107126
331512 Steel Investment Castings,2022-01-01,2022,1,10175917,25620397
331512 Steel Investment Castings,2022-02-01,2022,2,11586721,23908962
331512 Steel Investment Castings,2022-03-01,2022,3,12534311,27422077
331512 Steel Investment Castings,2022-04-01,2022,4,12133493,26978936
331512 Steel Investment Castings,2022-05-01,2022,5,12962051,29365537
331512 Steel Investment Castings,2022-06-01,2022,6,13195261,28893514
331512 Steel Investment Castings,2022-07-01,2022,7,11332598,28402579
331512 Steel Investment Castings,2022-08-01,2022,8,10989955,34949670
331512 Steel Investment Castings,2022-09-01,2022,9,11051924,30342421
331512 Steel Investment Castings,2022-10-01,2022,10,11125048,34571022
331512 Steel Investment Castings,2022-11-01,2022,11,10125472,30933933
331512 Steel Investment Castings,2022-12-01,2022,12,12760577,27860449
331512 Steel Investment Castings,2023-01-01,2023,1,12108877,24506839
331512 Steel Investment Castings,2023-02-01,2023,2,10295161,24826090
331512 Steel Investment Castings,2023-03-01,2023,3,12823959,19848511
331512 Steel Investment Castings,2023-04-01,2023,4,13134281,22227702
331512 Steel Investment Castings,2023-05-01,2023,5,14165591,27258306
331512 Steel Investment Castings,2023-06-01,2023,6,16985579,28910583
331512 Steel Investment Castings,2023-07-01,2023,7,11256579,27699547
331512 Steel Investment Castings,2023-08-01,2023,8,13389048,26467413
331512 Steel Investment Castings,2023-09-01,2023,9,13614469,25819905
331512 Steel Investment Castings,2023-10-01,2023,10,12741749,31907071
331512 Steel Investment Castings,2023-11-01,2023,11,10188769,23819644
331512 Steel Investment Castings,2023-12-01,2023,12,12700719,25942545
332721 Precision Turned Products,2022-01-01,2022,1,110094689,37021688
332721 Precision Turned Products,2022-02-01,2022,2,98790336,44378620
332721 Precision Turned Products,2022-03-01,2022,3,131112123,52172182
332721 Precision Turned Products,2022-04-01,2022,4,115370430,44380449
332721 Precision Turned Products,2022-05-01,2022,5,126394966,51079105
332721 Precision Turned Products,2022-06-01,2022,6,120298058,44228727
332721 Precision Turned Products,2022-07-01,2022,7,111542796,41083094
332721 Precision Turned Products,2022-08-01,2022,8,122009654,53204597
332721 Precision Turned Products,2022-09-01,2022,9,131111122,46840784
332721 Precision Turned Products,2022-10-01,2022,10,138924290,50135055
332721 Precision Turned Products,2022-11-01,2022,11,123443724,38443138
332721 Precision Turned Products,2022-12-01,2022,12,112293213,38791534
332721 Precision Turned Products,2023-01-01,2023,1,129401768,38039413
332721 Precision Turned Products,2023-02-01,2023,2,133047854,38667827
332721 Precision Turned Products,2023-03-01,2023,3,131497209,37846357
332721 Precision Turned Products,2023-04-01,2023,4,115292233,36309623
332721 Precision Turned Products,2023-05-01,2023,5,127579683,44061050
332721 Precision Turned Products,2023-06-01,2023,6,123963495,41824840
332721 Precision Turned Products,2023-07-01,2023,7,118063184,39975175
332721 Precision Turned Products,2023-08-01,2023,8,128346243,48896153
332721 Precision Turned Products,2023-09-01,2023,9,119461893,48766028
332721 Precision Turned Products,2023-10-01,2023,10,122889745,46581541
332721 Precision Turned Products,2023-11-01,2023,11,114292160,41719304
332721 Precision Turned Products,2023-12-01,2023,12,104685051,46050897
332996 Fabricated Pipe And Pipe Fittings,2022-01-01,2022,1,162017319,289974886
332996 Fabricated Pipe And Pipe Fittings,2022-02-01,2022,2,182130552,242396863
332996 Fabricated Pipe And Pipe Fittings,2022-03-01,2022,3,196373653,321286267
332996 Fabricated Pipe And Pipe Fittings,2022-04-01,2022,4,185705029,318320491
332996 Fabricated Pipe And Pipe Fittings,2022-05-01,2022,5,188477225,322515870
332996 Fabricated Pipe And Pipe Fittings,2022-06-01,2022,6,190167986,326386969
332996 Fabricated Pipe And Pipe Fittings,2022-07-01,2022,7,186623866,324041021
332996 Fabricated Pipe And Pipe Fittings,2022-08-01,2022,8,197291740,348033984
332996 Fabricated Pipe And Pipe Fittings,2022-09-01,2022,9,192687319,363247717
332996 Fabricated Pipe And Pipe Fittings,2022-10-01,2022,10,188720716,357887742
332996 Fabricated Pipe And Pipe Fittings,2022-11-01,2022,11,180111703,325361107
332996 Fabricated Pipe And Pipe Fittings,2022-12-01,2022,12,167139154,308547815
332996 Fabricated Pipe And Pipe Fittings,2023-01-01,2023,1,175737531,313257361
332996 Fabricated Pipe And Pipe Fittings,2023-02-01,2023,2,173624843,278046880
332996 Fabricated Pipe And Pipe Fittings,2023-03-01,2023,3,209187213,296598516
332996 Fabricated Pipe And Pipe Fittings,2023-04-01,2023,4,186624386,294155298
332996 Fabricated Pipe And Pipe Fittings,2023-05-01,2023,5,195439812,305047973
332996 Fabricated Pipe And Pipe Fittings,2023-06-01,2023,6,194302328,290421787
332996 Fabricated Pipe And Pipe Fittings,2023-07-01,2023,7,185652799,292170711
332996 Fabricated Pipe And Pipe Fittings,2023-08-01,2023,8,191687428,285968081
332996 Fabricated Pipe And Pipe Fittings,2023-09-01,2023,9,190855534,257610220
332996 Fabricated Pipe And Pipe Fittings,2023-10-01,2023,10,206686438,294709752
332996 Fabricated Pipe And Pipe Fittings,2023-11-01,2023,11,195958088,258986936
332996 Fabricated Pipe And Pipe Fittings,2023-12-01,2023,12,179641308,293340556
333248 All Other Industrial Machinery Manufacturing,2023-01-01,2023,1,468462301,1042627498
333248 All Other Industrial Machinery Manufacturing,2023-02-01,2023,2,426650212,854758318
333248 All Other Industrial Machinery Manufacturing,2023-03-01,2023,3,536014578,1031646049
333248 All Other Industrial Machinery Manufacturing,2023-04-01,2023,4,519288167,985999016
333248 All Other Industrial Machinery Manufacturing,2023-05-01,2023,5,448820204,1035840586
333248 All Other Industrial Machinery Manufacturing,2023-06-01,2023,6,513886724,966336356
333248 All Other Industrial Machinery Manufacturing,2023-07-01,2023,7,476989303,945917704
333248 All Other Industrial Machinery Manufacturing,2023-08-01,2023,8,483535073,998260690
333248 All Other Industrial Machinery Manufacturing,2023-09-01,2023,9,486646209,983995354
333248 All Other Industrial Machinery Manufacturing,2023-10-01,2023,10,574759420,993947827
333248 All Other Industrial Machinery Manufacturing,2023-11-01,2023,11,479284638,962992607
333248 All Other Industrial Machinery Manufacturing,2023-12-01,2023,12,450856030,946913138
333310 Commercial And Service Industry Machinery Manufac,2023-01-01,2023,1,939865916,1261366094
333310 Commercial And Service Industry Machinery Manufac,2023-02-01,2023,2,964147872,1123544013
333310 Commercial And Service Industry Machinery Manufac,2023-03-01,2023,3,1290791790,1302143997
333310 Commercial And Service Industry Machinery Manufac,2023-04-01,2023,4,1075091580,1313169812
333310 Commercial And Service Industry Machinery Manufac,2023-05-01,2023,5,1095840190,1390951543
333310 Commercial And Service Industry Machinery Manufac,2023-06-01,2023,6,1250770364,1276673057
333310 Commercial And Service Industry Machinery Manufac,2023-07-01,2023,7,966340072,1224181887
333310 Commercial And Service Industry Machinery Manufac,2023-08-01,2023,8,1038262915,1248109076
333310 Commercial And Service Industry Machinery Manufac,2023-09-01,2023,9,1107501522,1230816667
333310 Commercial And Service Industry Machinery Manufac,2023-10-01,2023,10,1078430409,1244859544
333310 Commercial And Service Industry Machinery Manufac,2023-11-01,2023,11,1132878579,1385264933
333310 Commercial And Service Industry Machinery Manufac,2023-12-01,2023,12,1518501911,1227873028
333998 All Other Miscellaneous General Purpose Mach Manuf,2023-01-01,2023,1,1272921241,1501675819
333998 All Other Miscellaneous General Purpose Mach Manuf,2023-02-01,2023,2,1265919271,1344072407
333998 All Other Miscellaneous General Purpose Mach Manuf,2023-03-01,2023,3,1490534514,1626846572
333998 All Other Miscellaneous General Purpose Mach Manuf,2023-04-01,2023,4,1336578914,1449973516
333998 All Other Miscellaneous General Purpose Mach Manuf,2023-05-01,2023,5,1313654684,1587795373
333998 All Other Miscellaneous General Purpose Mach Manuf,2023-06-01,2023,6,1393366525,1662803251
333998 All Other Miscellaneous General Purpose Mach Manuf,2023-07-01,2023,7,1249389619,1515084731
333998 All Other Miscellaneous General Purpose Mach Manuf,2023-08-01,2023,8,1390371913,1640785072
333998 All Other Miscellaneous General Purpose Mach Manuf,2023-09-01,2023,9,1333940447,1669208153
333998 All Other Miscellaneous General Purpose Mach Manuf,2023-10-01,2023,10,1399748258,1720909580
333998 All Other Miscellaneous General Purpose Mach Manuf,2023-11-01,2023,11,1275967639,1736382713
333998 All Other Miscellaneous General Purpose Mach Manuf,2023-12-01,2023,12,1359986836,1804134808
334610 Manufac And Reproducing Magnetic And Optical Media,2023-01-01,2023,1,588505163,906937910
334610 Manufac And Reproducing Magnetic And Optical Media,2023-02-01,2023,2,540394696,745917839
334610 Manufac And Reproducing Magnetic And Optical Media,2023-03-01,2023,3,546148942,1050103910
334610 Manufac And Reproducing Magnetic And Optical Media,2023-04-01,2023,4,501580281,856635022
334610 Manufac And Reproducing Magnetic And Optical Media,2023-05-01,2023,5,546212032,883709364
334610 Manufac And Reproducing Magnetic And Optical Media,2023-06-01,2023,6,526919696,960063156
334610 Manufac And Reproducing Magnetic And Optical Media,2023-07-01,2023,7,560193383,812087523
334610 Manufac And Reproducing Magnetic And Optical Media,2023-08-01,2023,8,578385745,943554630
334610 Manufac And Reproducing Magnetic And Optical Media,2023-09-01,2023,9,578595652,999370069
334610 Manufac And Reproducing Magnetic And Optical Media,2023-10-01,2023,10,689198318,1008465015
334610 Manufac And Reproducing Magnetic And Optical Media,2023-11-01,2023,11,589237067,882719661
334610 Manufac And Reproducing Magnetic And Optical Media,2023-12-01,2023,12,503038557,953227116
33513 Lighting Fixtures,2023-01-01,2023,1,187393517,1014735853
33513 Lighting Fixtures,2023-02-01,2023,2,186927074,885452846
33513 Lighting Fixtures,2023-03-01,2023,3,209584284,822777575
33513 Lighting Fixtures,2023-04-01,2023,4,191806789,934961819
33513 Lighting Fixtures,2023-05-01,2023,5,199453642,1019518241
33513 Lighting Fixtures,2023-06-01,2023,6,206358465,1070169415
33513 Lighting Fixtures,2023-07-01,2023,7,187803974,1148435453
33513 Lighting Fixtures,2023-08-01,2023,8,198796071,1295073198
33513 Lighting Fixtures,2023-09-01,2023,9,191178801,1094513257
33513 Lighting Fixtures,2023-10-01,2023,10,200202957,1122585540
33513 Lighting Fixtures,2023-11-01,2023,11,199088046,912372700
33513 Lighting Fixtures,2023-12-01,2023,12,182939312,904712980
335131 Residential Elec Lighting Fixture Manufacturing,2023-01-01,2023,1,16075363,200416769
335131 Residential Elec Lighting Fixture Manufacturing,2023-02-01,2023,2,16379899,148059701
335131 Residential Elec Lighting Fixture Manufacturing,2023-03-01,2023,3,20477185,104134029
335131 Residential Elec Lighting Fixture Manufacturing,2023-04-01,2023,4,18705192,143776867
335131 Residential Elec Lighting Fixture Manufacturing,2023-05-01,2023,5,14953670,159903056
335131 Residential Elec Lighting Fixture Manufacturing,2023-06-01,2023,6,19827914,170016226
335131 Residential Elec Lighting Fixture Manufacturing,2023-07-01,2023,7,18012847,157320558
335131 Residential Elec Lighting Fixture Manufacturing,2023-08-01,2023,8,20222627,171220991
335131 Residential Elec Lighting Fixture Manufacturing,2023-09-01,2023,9,17007033,152614346
335131 Residential Elec Lighting Fixture Manufacturing,2023-10-01,2023,10,17643535,159530359
335131 Residential Elec Lighting Fixture Manufacturing,2023-11-01,2023,11,22651733,158479356
335131 Residential Elec Lighting Fixture Manufacturing,2023-12-01,2023,12,17081764,164814249
"335132 Commercial,indust,institut Elec Light Fixture Manu",2023-01-01,2023,1,51669858,253954028
"335132 Commercial,indust,institut Elec Light Fixture Manu",2023-02-01,2023,2,50453340,231530752
"335132 Commercial,indust,institut Elec Light Fixture Manu",2023-03-01,2023,3,55849176,248045191
"335132 Commercial,indust,institut Elec Light Fixture Manu",2023-04-01,2023,4,52619585,243230232
"335132 Commercial,indust,institut Elec Light Fixture Manu",2023-05-01,2023,5,53422858,260740678
"335132 Commercial,indust,institut Elec Light Fixture Manu",2023-06-01,2023,6,54405190,269834549
"335132 Commercial,indust,institut Elec Light Fixture Manu",2023-07-01,2023,7,49717672,257902683
"335132 Commercial,indust,institut Elec Light Fixture Manu",2023-08-01,2023,8,52123388,266278765
"335132 Commercial,indust,institut Elec Light Fixture Manu",2023-09-01,2023,9,46848654,238737317
"335132 Commercial,indust,institut Elec Light Fixture Manu",2023-10-01,2023,10,52915221,307408148
"335132 Commercial,indust,institut Elec Light Fixture Manu",2023-11-01,2023,11,51153054,243594445
"335132 Commercial,indust,institut Elec Light Fixture Manu",2023-12-01,2023,12,51327917,238511979
335139 Electric Lamp Bulb And Other Light Equipment Manuf,2023-01-01,2023,1,119648296,560365056
335139 Electric Lamp Bulb And Other Light Equipment Manuf,2023-02-01,2023,2,120093835,505862393
335139 Electric Lamp Bulb And Other Light Equipment Manuf,2023-03-01,2023,3,133257923,470598355
335139 Electric Lamp Bulb And Other Light Equipment Manuf,2023-04-01,2023,4,120482012,547954720
335139 Electric Lamp Bulb And Other Light Equipment Manuf,2023-05-01,2023,5,131077114,598874507
335139 Electric Lamp Bulb And Other Light Equipment Manuf,2023-06-01,2023,6,132125361,630318640
335139 Electric Lamp Bulb And Other Light Equipment Manuf,2023-07-01,2023,7,120073455,733212212
335139 Electric Lamp Bulb And Other Light Equipment Manuf,2023-08-01,2023,8,126450056,857573442
335139 Electric Lamp Bulb And Other Light Equipment Manuf,2023-09-01,2023,9,127323114,703161594
335139 Electric Lamp Bulb And Other Light Equipment Manuf,2023-10-01,2023,10,129644201,655647033
335139 Electric Lamp Bulb And Other Light Equipment Manuf,2023-11-01,2023,11,125283259,510298899
335139 Electric Lamp Bulb And Other Light Equipment Manuf,2023-12-01,2023,12,114529631,501386752
335910 Battery Manufacturing,2023-01-01,2023,1,419853436,2989603406
335910 Battery Manufacturing,2023-02-01,2023,2,456679968,2405614209
335910 Battery Manufacturing,2023-03-01,2023,3,545046037,2507411374
335910 Battery Manufacturing,2023-04-01,2023,4,440301706,2398862817
335910 Battery Manufacturing,2023-05-01,2023,5,517982576,2601227696
335910 Battery Manufacturing,2023-06-01,2023,6,516281096,2332010641
335910 Battery Manufacturing,2023-07-01,2023,7,457406775,2353979107
335910 Battery Manufacturing,2023-08-01,2023,8,542691111,2389642446
335910 Battery Manufacturing,2023-09-01,2023,9,532459670,2444161304
335910 Battery Manufacturing,2023-10-01,2023,10,717681948,2444658644
335910 Battery Manufacturing,2023-11-01,2023,11,609675760,2867053557
335910 Battery Manufacturing,2023-12-01,2023,12,622621891,2851581673
336110 Automobile And Light Duty Motor Vehicle Manufac,2023-01-01,2023,1,4557302909,16827509826
336110 Automobile And Light Duty Motor Vehicle Manufac,2023-02-01,2023,2,4891385129,16117977155
336110 Automobile And Light Duty Motor Vehicle Manufac,2023-03-01,2023,3,6130598432,18876048457
336110 Automobile And Light Duty Motor Vehicle Manufac,2023-04-01,2023,4,5341980036,18453822716
336110 Automobile And Light Duty Motor Vehicle Manufac,2023-05-01,2023,5,6498061580,18685127356
336110 Automobile And Light Duty Motor Vehicle Manufac,2023-06-01,2023,6,5872438871,20499005831
336110 Automobile And Light Duty Motor Vehicle Manufac,2023-07-01,2023,7,6303440224,20081986171
336110 Automobile And Light Duty Motor Vehicle Manufac,2023-08-01,2023,8,6265446737,19914884146
336110 Automobile And Light Duty Motor Vehicle Manufac,2023-09-01,2023,9,6227001508,20221083366
336110 Automobile And Light Duty Motor Vehicle Manufac,2023-10-01,2023,10,6111882985,21580003911
336110 Automobile And Light Duty Motor Vehicle Manufac,2023-11-01,2023,11,5522710001,21168844237
336110 Automobile And Light Duty Motor Vehicle Manufac,2023-12-01,2023,12,4898321370,22620950313
"337126 Household Furniture (exc Wood, Upholstered) Manuf",2023-01-01,2023,1,38264865,449797627
"337126 Household Furniture (exc Wood, Upholstered) Manuf",2023-02-01,2023,2,37542099,398042453
"337126 Household Furniture (exc Wood, Upholstered) Manuf",2023-03-01,2023,3,47841846,337560908
"337126 Household Furniture (exc Wood, Upholstered) Manuf",2023-04-01,2023,4,44507614,348780336
"337126 Household Furniture (exc Wood, Upholstered) Manuf",2023-05-01,2023,5,49574052,307612055
"337126 Household Furniture (exc Wood, Upholstered) Manuf",2023-06-01,2023,6,52651291,273609924
"337126 Household Furniture (exc Wood, Upholstered) Manuf",2023-07-01,2023,7,45637751,268388382
"337126 Household Furniture (exc Wood, Upholstered) Manuf",2023-08-01,2023,8,47029782,270921102
"337126 Household Furniture (exc Wood, Upholstered) Manuf",2023-09-01,2023,9,47117694,245934657
"337126 Household Furniture (exc Wood, Upholstered) Manuf",2023-10-01,2023,10,46402978,292567653
"337126 Household Furniture (exc Wood, Upholstered) Manuf",2023-11-01,2023,11,44491919,317268255
"337126 Household Furniture (exc Wood, Upholstered) Manuf",2023-12-01,2023,12,37732680,363763271
